{"results": [{"sucursal": "Calle Gabriel Mancera 154, Col del Valle Nte, Benito Ju\u00e1rez, 03100 DEL VALLE, CDMX", "latitud": 19.3967711, "longitud": -99.1615616, "uuid": "a6674371-b338-4567-b2c2-4dc77d9f9d15", "rating": 4.2}, {"sucursal": "Av. Coyoac\u00e1n 612, Del Valle, Col del Valle Centro, Benito Ju\u00e1rez, 03100 Ciudad de M\u00e9xico, CDMX", "latitud": 19.389823, "longitud": -99.1660704, "uuid": "dbeb993a-9cfd-42ac-bd99-3aa05f130322", "rating": 3.3}, {"sucursal": "Xola 64 y 72, \u00c1lamos, Benito Ju\u00e1rez, 03400 Ciudad de M\u00e9xico, CDMX", "latitud": 19.3949774, "longitud": -99.14352199999999, "uuid": "18b65bb4-86fd-4d8f-bd70-41d50855f4d7", "rating": 2.4}, {"sucursal": "Montecito 8, N\u00e1poles, Benito Ju\u00e1rez, 03810 Ciudad de M\u00e9xico, CDMX", "latitud": 19.3946869, "longitud": -99.1741388, "uuid": "9e36b040-f0a2-46d2-8839-afb241a83d50", "rating": 3.2}, {"sucursal": "Av de los Insurgentes Sur 670, Col del Valle Nte, Benito Ju\u00e1rez, 03100 Ciudad de M\u00e9xico, CDMX", "latitud": 19.394611, "longitud": -99.17189429999999, "uuid": "cbe55e70-c12b-470f-8fc1-83050242b986", "rating": 2.3}, {"sucursal": "Av Nuevo Le\u00f3n 154, Hip\u00f3dromo, Cuauht\u00e9moc, 06100 Ciudad de M\u00e9xico, CDMX", "latitud": 19.4089649, "longitud": -99.1721474, "uuid": "5cc4b2b9-9de9-42a3-9284-a5bd90cbb3a6", "rating": 2.6}, {"sucursal": "Av. Insurgentes Sur 535, c\u00f3digo 2, Escand\u00f3n I Secc, Cuauht\u00e9moc, 11800 Ciudad de M\u00e9xico, CDMX", "latitud": 19.4016739, "longitud": -99.170221, "uuid": "3d70b368-197c-475c-873a-7117009490c2", "rating": 3.2}, {"sucursal": "Av. Insurgentes Sur 897, N\u00e1poles, Benito Ju\u00e1rez, 03100 Ciudad de M\u00e9xico, CDMX", "latitud": 19.3870951, "longitud": -99.1749589, "uuid": "2ccae3e2-1c4e-49b3-adc6-a1ad02cdfd22", "rating": 2.5}, {"sucursal": "Calz. San Antonio Abad 321, Algar\u00edn, Cuauht\u00e9moc, 06880 Ciudad de M\u00e9xico, CDMX", "latitud": 19.4057664, "longitud": -99.1365714, "uuid": "eff470ab-ba9e-4489-8ff8-9be85dfc4516", "rating": 4.3}, {"sucursal": "Calz de Tlalpan, esquina, Av. V\u00edctor Hugo 338, Moderna, Benito Ju\u00e1rez, 03510 Ciudad de M\u00e9xico, CDMX", "latitud": 19.3987587, "longitud": -99.13691209999999, "uuid": "df0eefce-f7e0-4e33-ad03-179de6509a9b", "rating": 2.7}, {"sucursal": "Eje Central L\u00e1zaro C\u00e1rdenas 909, V\u00e9rtiz Narvarte, Benito Ju\u00e1rez, 03600 Ciudad de M\u00e9xico, CDMX", "latitud": 19.3828367, "longitud": -99.14788010000001, "uuid": "3c85c056-771b-4dc2-82db-4f120303d2b7", "rating": 2.6}, {"sucursal": "Av. Cuauht\u00e9moc 462, Piedad Narvarte, Benito Ju\u00e1rez, 03020 Ciudad de M\u00e9xico, CDMX", "latitud": 19.4023464, "longitud": -99.1534961, "uuid": "f3a0d440-1a38-40b2-9398-b24f2463239a", "rating": 3.2}, {"sucursal": "Avenida Patriotismo 540, Mixcoac, Benito Ju\u00e1rez, 03910 Ciudad de M\u00e9xico, CDMX", "latitud": 19.3846657, "longitud": -99.1834689, "uuid": "db387d73-8ed5-4379-ac8b-229bfcdb9edf", "rating": 3.5}, {"sucursal": "Medell\u00edn 310, Roma Sur, Cuauht\u00e9moc, 06760 Ciudad de M\u00e9xico, CDMX", "latitud": 19.4063641, "longitud": -99.16304290000001, "uuid": "37e5e52b-305e-4073-a834-f93e29289c4d", "rating": 3.4}, {"sucursal": "La Coru\u00f1a 281, Viaducto Piedad, Iztacalco, 08200 Ciudad de M\u00e9xico, CDMX", "latitud": 19.4008062, "longitud": -99.1326876, "uuid": "4251c8c4-72b3-47a9-bdb9-bfe54f006407", "rating": 2.5}, {"sucursal": "Av. Pdte. Plutarco El\u00edas Calles 1334, Militar Marte, Iztacalco, 08830 Ciudad de M\u00e9xico, CDMX", "latitud": 19.3782998, "longitud": -99.1348709, "uuid": "8d6673e1-e7da-4825-9fde-5217079c2876", "rating": 3.4}, {"sucursal": "Calle Antonio M. Anza NO. 20, C. U. Benito Ju\u00e1rez, Cuauht\u00e9moc, 06760 Ciudad de M\u00e9xico, CDMX", "latitud": 19.4112814, "longitud": -99.15580659999999, "uuid": "a602ea74-9d05-4e27-b09d-6545eba9ceb5", "rating": 3.1}, {"sucursal": "Av. Insurgentes Sur 1323, Insurgentes Mixcoac, Benito Ju\u00e1rez, 03920 Ciudad de M\u00e9xico, CDMX", "latitud": 19.373315, "longitud": -99.1794954, "uuid": "494722cc-bbf6-4816-8177-5f5f66cb42e5", "rating": 2.9}, {"sucursal": "Calz. de Tlalpan 1244, Portales Nte, Benito Ju\u00e1rez, 03300 Ciudad de M\u00e9xico, CDMX", "latitud": 19.3728764, "longitud": -99.1406428, "uuid": "880bd388-4314-492a-86df-6877693c7a75", "rating": 2.9}, {"sucursal": "Calz. de Tlalpan 1107, Col del Lago, Benito Ju\u00e1rez, 03640 Ciudad de M\u00e9xico, CDMX", "latitud": 19.3780454, "longitud": -99.1408374, "uuid": "c25bef9a-ff5f-48bc-b234-05da596c3510", "rating": 2.9}, {"sucursal": "Xola 1302, Narvarte Poniente, Benito Ju\u00e1rez, 03020 Ciudad de M\u00e9xico, CDMX", "latitud": 19.3962745, "longitud": -99.1549989, "uuid": "db5e86a3-5242-4c3b-9dcb-52e4bc3852ab", "rating": 2.9}, {"sucursal": "Eje Central L\u00e1zaro C\u00e1rdenas 344, Algar\u00edn, Cuauht\u00e9moc, 06880 Ciudad de M\u00e9xico, CDMX", "latitud": 19.4041266, "longitud": -99.14467479999999, "uuid": "ab1b963f-6bb2-4d8f-9d6b-aa4cf1b5cd2e", "rating": 3.3}, {"sucursal": "Av. Divisi\u00f3n del Nte. 2774, San Mateo, Coyoac\u00e1n, 04040 Ciudad de M\u00e9xico, CDMX", "latitud": 19.3493026, "longitud": -99.15035019999999, "uuid": "e785f0fd-cf96-4199-9d05-e1bbb19ae19c", "rating": 2.8}, {"sucursal": "Calz. de Tlalpan 1105-1109, Col del Lago, Benito Ju\u00e1rez, 03640 Ciudad de M\u00e9xico, CDMX", "latitud": 19.3781704, "longitud": -99.14086979999999, "uuid": "dcde0cb6-51b5-42a2-bcba-1ad7feacb45a", "rating": 2.4}, {"sucursal": "Monterrey 102, C. U. Benito Ju\u00e1rez, Cuauht\u00e9moc, 06760 Ciudad de M\u00e9xico, CDMX", "latitud": 19.4181668, "longitud": -99.16405920000001, "uuid": "9b7bd87f-cb1e-4a66-952e-55d7264867ca", "rating": 2.9}, {"sucursal": "Patriotismo 220 Metropoli, Patriotismo, Benito Ju\u00e1rez, 03800 CDMX", "latitud": 19.3964958, "longitud": -99.1808566, "uuid": "30c83e0e-923c-437f-a780-63b1b49cd5f5", "rating": 1.7}, {"sucursal": "Calz. San Antonio Abad 160, Tr\u00e1nsito, Cuauht\u00e9moc, 06820 Ciudad de M\u00e9xico, CDMX", "latitud": 19.4142498, "longitud": -99.1345034, "uuid": "85ea6055-d06a-4dfc-bc70-ea151256fded", "rating": 2.7}, {"sucursal": "Coahuila 216, C. U. Benito Ju\u00e1rez, Cuauht\u00e9moc, 06700 Ciudad de M\u00e9xico, CDMX", "latitud": 19.4103607, "longitud": -99.16639479999999, "uuid": "13221bd2-df77-4835-9025-8238bad8ba7a", "rating": 3.0}, {"sucursal": "F\u00e9lix Cuevas 206, Tlacoquemecatl del Valle, Benito Ju\u00e1rez, 03100 Ciudad de M\u00e9xico, CDMX", "latitud": 19.373284, "longitud": -99.17592049999999, "uuid": "3ba286d4-1ac0-4287-bdcf-c032608d6326", "rating": 2.7}, {"sucursal": "Calzado, Calz. de la Viga 1188, El Triunfo, Iztapalapa, 09430 Ciudad de M\u00e9xico, CDMX", "latitud": 19.394835, "longitud": -99.1229928, "uuid": "a8dc4fe7-67f2-4ff4-8245-9423e6e2f7ea", "rating": 3.7}, {"sucursal": "Calz. de la Viga 680, San Francisco, Iztacalco, 08230 Ciudad de M\u00e9xico, CDMX", "latitud": 19.3958262, "longitud": -99.1234825, "uuid": "9e99fe2c-9943-469c-a7c3-f91b5290b46d", "rating": 2.9}, {"sucursal": "Av. Cuauht\u00e9moc 44, Doctores, Cuauht\u00e9moc, 06720 Ciudad de M\u00e9xico, CDMX", "latitud": 19.4235823, "longitud": -99.15346369999999, "uuid": "bbbcd574-5c50-4edc-af0e-cf33b18d7918", "rating": 3.0}, {"sucursal": "Las Cruces 32, Centro Hist\u00f3rico de la Cdad. de M\u00e9xico, Centro, Cuauht\u00e9moc, 06060 Ciudad de M\u00e9xico, CDMX", "latitud": 19.4282267, "longitud": -99.12940189999999, "uuid": "584b4664-654f-482e-8180-77ad55c509fe", "rating": 2.4}, {"sucursal": "Av. Divisi\u00f3n del Nte. 1200, Letran Valle, Benito Ju\u00e1rez, 03650 Ciudad de M\u00e9xico, CDMX", "latitud": 19.3790581, "longitud": -99.1584079, "uuid": "7c55e413-4891-4cea-81e0-12e6ac7285dc", "rating": 2.6}, {"sucursal": "Av. Central 223, Bosques de Aragon, 57170 Nezahualc\u00f3yotl, M\u00e9x.", "latitud": 19.4764797, "longitud": -99.0524875, "uuid": "556a0732-2aa6-4c63-b2c8-1aceb0f35366", "rating": 2.1}, {"sucursal": "Calle de Niza 50, Ju\u00e1rez, Cuauht\u00e9moc, 06600 Ciudad de M\u00e9xico, CDMX", "latitud": 19.4261374, "longitud": -99.162113, "uuid": "7900d5fb-b29f-44ba-9c68-7bb0f350ba7c", "rating": 3.2}, {"sucursal": "Calle de Durango 81, C. U. Benito Ju\u00e1rez, Cuauht\u00e9moc, 06700 Ciudad de M\u00e9xico, CDMX", "latitud": 19.4215948, "longitud": -99.1590856, "uuid": "735c18d8-823a-4e26-a240-43b4b6210ab9", "rating": 2.6}, {"sucursal": "Av. Divisi\u00f3n del Norte 1905 Local A y B, Sta Cruz Atoyac, 03310 Ciudad de M\u00e9xico, CDMX", "latitud": 19.3680889, "longitud": -99.15632590000001, "uuid": "fb0786be-08d4-4e91-aecf-4af311ed8b04", "rating": 2.8}, {"sucursal": "Calz. de la Viga 1238, El Triunfo, Iztapalapa, 09430 Ciudad de M\u00e9xico, CDMX", "latitud": 19.3771903, "longitud": -99.1223857, "uuid": "8ecc74f9-75b2-4d08-9ac4-650b20403284", "rating": 2.8}, {"sucursal": "Av. Universidad 1000, Sta Cruz Atoyac, Benito Ju\u00e1rez, 03310 Ciudad de M\u00e9xico, CDMX", "latitud": 19.3670774, "longitud": -99.1659708, "uuid": "6a185b1f-c220-4b65-a340-58ea5129026f", "rating": 2.8}, {"sucursal": "Av. Revoluci\u00f3n 1020, Mixcoac, Benito Ju\u00e1rez, 03910 Ciudad de M\u00e9xico, CDMX", "latitud": 19.3694319, "longitud": -99.1880886, "uuid": "f6dbb4e9-ff2d-4088-9205-905517571091", "rating": 3.7}, {"sucursal": "Av. Morelos No. 184, Artes Gr\u00e1ficas, Venustiano Carranza, 15850 Ciudad de M\u00e9xico, CDMX", "latitud": 19.4091727, "longitud": -99.1256016, "uuid": "3a408c28-0f2f-46b0-9117-28b9a8c57230", "rating": 3.1}, {"sucursal": "Eje 8 Sur, Av. Popocat\u00e9petl 133-A, Portales Nte, Benito Ju\u00e1rez, 03300 Ciudad de M\u00e9xico, CDMX", "latitud": 19.361339, "longitud": -99.1501322, "uuid": "57845e6d-78ed-4d0c-9e28-f1cdf0eddec2", "rating": 3.1}, {"sucursal": "Eje Central L\u00e1zaro C\u00e1rdenas 19, Centro, Cuauht\u00e9moc, 06720 Ciudad de M\u00e9xico, CDMX", "latitud": 19.4398402, "longitud": -99.13967, "uuid": "54b16adc-99af-42e7-b17f-af589e79797f", "rating": 3.0}, {"sucursal": "Calz de los Leones 135, \u00c1guilas, \u00c1lvaro Obreg\u00f3n, 01710 Ciudad de M\u00e9xico, CDMX", "latitud": 19.3618437, "longitud": -99.196871, "uuid": "c8431bf8-725c-4dbd-a500-f05bbce0bf6c", "rating": 2.9}, {"sucursal": "Calz. de la Viga 136, Tr\u00e1nsito, Venustiano Carranza, 06820 Ciudad de M\u00e9xico, CDMX", "latitud": 19.4141889, "longitud": -99.1277028, "uuid": "7f5506cb-14b0-411d-9913-e3d5889b229d", "rating": 3.4}, {"sucursal": "Florencia 14, Ju\u00e1rez, Cuauht\u00e9moc, 06600 Ciudad de M\u00e9xico, CDMX", "latitud": 19.4259054, "longitud": -99.1666975, "uuid": "ea000843-1c89-4b13-a8cb-6d997d5ecfca", "rating": 3.4}, {"sucursal": "Fernando de Alva Ixtlilx\u00f3chitl 105, Obrera, Cuauht\u00e9moc, 06800 Ciudad de M\u00e9xico, CDMX", "latitud": 19.4195781, "longitud": -99.1379405, "uuid": "e4f13e2e-062c-49e3-bedf-5b35ff43ae92", "rating": 2.9}, {"sucursal": "Av. Insurgentes Sur 1624, Cr\u00e9dito Constructor, Benito Ju\u00e1rez, 03940 Ciudad de M\u00e9xico, CDMX", "latitud": 19.3632368, "longitud": -99.1820748, "uuid": "6ae451ce-e036-4dbe-b2da-552381de45aa", "rating": 3.3}, {"sucursal": "Calle de Durango 249, Roma Nte., Cuauht\u00e9moc, 06700 Ciudad de M\u00e9xico, CDMX", "latitud": 19.4196404, "longitud": -99.1695089, "uuid": "4c93a821-1f2a-4639-a8d2-26c82951a115", "rating": 2.3}, {"sucursal": "Av. Revoluci\u00f3n No 1579, Maximino Avila Camacho, Gustavo A. Madero, 07380 Ciudad de M\u00e9xico, CDMX", "latitud": 19.3506172, "longitud": -99.1908787, "uuid": "10e1651b-5c12-4bfb-9a6b-cb3aa8e80eee", "rating": 1.8}, {"sucursal": "Abraham Gonz\u00e1lez 64, Ju\u00e1rez, Cuauht\u00e9moc, 06600 Ciudad de M\u00e9xico, CDMX", "latitud": 19.4295913, "longitud": -99.15344209999999, "uuid": "70201583-8a0c-4647-967e-46fc96c898ac", "rating": 3.6}, {"sucursal": "Tolstoi 17, Anzures, Miguel Hidalgo, 11590 Ciudad de M\u00e9xico, CDMX", "latitud": 19.4254473, "longitud": -99.17748789999999, "uuid": "223a14a9-4b8b-43b6-a943-ac219713bdf8", "rating": 2.2}, {"sucursal": "Av. Revoluci\u00f3n 68-E, 8 de Agosto, Benito Ju\u00e1rez, 11800 Ciudad de M\u00e9xico, CDMX", "latitud": 19.4053232, "longitud": -99.18418439999999, "uuid": "52de7380-6d3c-4688-86f0-f570b489cdb5", "rating": 2.7}, {"sucursal": "Av. Pdte. Plutarco El\u00edas Calles 275, Granjas M\u00e9xico, Iztacalco, 08400 Ciudad de M\u00e9xico, CDMX", "latitud": 19.398557, "longitud": -99.11150620000001, "uuid": "7a27c68a-8d18-48c7-8a62-ad761097b1c4", "rating": 3.3}, {"sucursal": "Eje Central L\u00e1zaro C\u00e1rdenas 101, Obrera, Cuauht\u00e9moc, 06720 Ciudad de M\u00e9xico, CDMX", "latitud": 19.4167867, "longitud": -99.14399379999999, "uuid": "626a0dbe-3bb8-4591-ad15-39ac18f6e25c", "rating": 4.3}, {"sucursal": "Av. Ju\u00e1rez 22, Colonia Centro, Centro, Cuauht\u00e9moc, 06050 Ciudad de M\u00e9xico, CDMX", "latitud": 19.4341713, "longitud": -99.1425237, "uuid": "ac52bcfe-eaba-4172-9654-15bed86a7510", "rating": 2.5}, {"sucursal": "Av. Insurgentes Sur 1685, Guadalupe Inn, \u00c1lvaro Obreg\u00f3n, 01020 Ciudad de M\u00e9xico, CDMX", "latitud": 19.3610522, "longitud": -99.1836031, "uuid": "50d935e8-f28b-4de3-a0d5-ca9af0c99305", "rating": 3.3}, {"sucursal": "Av Miguel \u00c1ngel de Quevedo 1006, Parque San Andr\u00e9s, Coyoac\u00e1n, 04330 Ciudad de M\u00e9xico, CDMX", "latitud": 19.3430648, "longitud": -99.1516633, "uuid": "dd75d12a-4fb5-4ca9-bdd0-13c3d35baedf", "rating": 2.3}, {"sucursal": "Sim\u00f3n Bol\u00edvar 38, Centro Hist\u00f3rico de la Cdad. de M\u00e9xico, Centro, Cuauht\u00e9moc, 06000 Ciudad de M\u00e9xico, CDMX", "latitud": 19.4319378, "longitud": -99.13837319999999, "uuid": "0e812926-19dc-4e9f-a2e9-9ff0293d1945", "rating": 2.7}, {"sucursal": "Calle Montes Urales 620, Lomas - Virreyes, Lomas de Chapultepec IV Secc, Miguel Hidalgo, 11000 Ciudad de M\u00e9xico, CDMX", "latitud": 19.4266129, "longitud": -99.20416089999999, "uuid": "df9e24a2-28a6-4591-88ae-ada4b9734359", "rating": 3.2}, {"sucursal": "Hegel 155, Polanco, Col. Chapultepec, Miguel Hidalgo, 11570 Ciudad de M\u00e9xico, CDMX", "latitud": 19.4357745, "longitud": -99.188153, "uuid": "aab14a0b-aafc-4c61-9bdf-fe148bb76552", "rating": 3.0}, {"sucursal": "Dr. Gonz\u00e1lez Herrej\u00f3n 1701, Lomas de Plateros, \u00c1lvaro Obreg\u00f3n, 01480 Ciudad de M\u00e9xico, CDMX", "latitud": 19.3701613, "longitud": -99.1927061, "uuid": "8dac465b-4604-4a79-aa87-c3abd33048ac", "rating": 2.6}, {"sucursal": "Av. Pdte. Masaryk 382, Polanco, Polanco III Secc, Miguel Hidalgo, 11550 Ciudad de M\u00e9xico, CDMX", "latitud": 19.4315522, "longitud": -99.19730919999999, "uuid": "34478c04-34ef-4562-8805-925eefb44531", "rating": 2.4}, {"sucursal": "Av. Chimalhuac\u00e1n, Porfirio D\u00eda 222, Agua Azul, 57500 Nezahualc\u00f3yotl, M\u00e9x.", "latitud": 19.4147322, "longitud": -99.0325581, "uuid": "b7214833-462b-463e-bf79-11fcb69b4ee6", "rating": 2.8}, {"sucursal": "R\u00edo Amur 5, Cuauht\u00e9moc, 06500 Ciudad de M\u00e9xico, CDMX", "latitud": 19.4354549, "longitud": -99.168579, "uuid": "1f61c27f-f677-492e-8791-1bec43906a4e", "rating": 3.1}, {"sucursal": "Av. Paseo de la Reforma 403, Cuauht\u00e9moc, 06500 Ciudad de M\u00e9xico, CDMX", "latitud": 19.4260043, "longitud": -99.1711093, "uuid": "7bbd3799-58b8-4fed-9640-6b0ca07ed8ea", "rating": 3.3}, {"sucursal": "5 de Febrero 125, Obrera, Cuauht\u00e9moc, 06080 Ciudad de M\u00e9xico, CDMX", "latitud": 19.4236684, "longitud": -99.1358004, "uuid": "88a793e4-5f3e-49f2-8b98-26affb196181", "rating": 3.0}, {"sucursal": "Corregidora 40, Centro Hist\u00f3rico de la Cdad. de M\u00e9xico, Centro, Cuauht\u00e9moc, 06060 Ciudad de M\u00e9xico, CDMX", "latitud": 19.4316729, "longitud": -99.1286238, "uuid": "35a3d263-0256-4f03-8fa8-42779f9c7c6b", "rating": 2.7}, {"sucursal": "Buenavista 3, Buenavista, Cuauht\u00e9moc, 06350 Ciudad de M\u00e9xico, CDMX", "latitud": 19.4391979, "longitud": -99.1528367, "uuid": "6f9af00a-f712-48ab-b294-d19c9dcba681", "rating": 2.4}, {"sucursal": "Av. Insurgentes Sur 1998, Agr\u00edcola, San \u00c1ngel, \u00c1lvaro Obreg\u00f3n, 01000 Ciudad de M\u00e9xico, CDMX", "latitud": 19.3502508, "longitud": -99.18629279999999, "uuid": "5c974a31-87a6-4ac7-8ca9-224fca606c90", "rating": 3.2}, {"sucursal": "Av Centenario 358, Merced G\u00f3mez, \u00c1lvaro Obreg\u00f3n, 01600 Ciudad de M\u00e9xico, CDMX", "latitud": 19.3661982, "longitud": -99.21039329999999, "uuid": "eca2bc10-c473-45a8-83f7-21557a344f72", "rating": 3.2}, {"sucursal": "Calle de Niza 5, Ju\u00e1rez, Cuauht\u00e9moc, 06600 Ciudad de M\u00e9xico, CDMX", "latitud": 19.4281588, "longitud": -99.16356189999999, "uuid": "330edabd-df7f-46f0-8078-6013dabbfeab", "rating": 2.7}, {"sucursal": "Fray Servando Teresa de Mier 998, Jard\u00edn Balbuena, Venustiano Carranza, 15900 Ciudad de M\u00e9xico, CDMX", "latitud": 19.4174195, "longitud": -99.100788, "uuid": "d4e6ba1d-0738-40cc-83ed-cc4c3b83b476", "rating": 2.7}, {"sucursal": "Av de las Fuentes 11, Santa Ana, 76116 Santiago de Quer\u00e9taro, Qro.", "latitud": 20.6405045, "longitud": -100.4533144, "uuid": "f7bb0c79-e6e5-47d0-bb2c-906410703fc8", "rating": 2.8}, {"sucursal": "Obrero Mundial 462, Piedad Narvarte, Benito Ju\u00e1rez, 03020 Ciudad de M\u00e9xico, CDMX", "latitud": 19.4020877, "longitud": -99.1536766, "uuid": "0947ba6e-4dd4-481c-abba-e122b4f65d0b", "rating": 2.7}, {"sucursal": "Av. San Jer\u00f3nimo 630, San Jer\u00f3nimo L\u00eddice, La Magdalena Contreras, 10200 Ciudad de M\u00e9xico, CDMX", "latitud": 19.325031, "longitud": -99.2236295, "uuid": "ae6b8cfb-2cab-4cd5-9aec-5f1061f8fed7", "rating": 2.9}, {"sucursal": "Bosque de los Ciruelos 190, Bosque de las Lomas, Miguel Hidalgo, 11700 Ciudad de M\u00e9xico, CDMX", "latitud": 19.4052424, "longitud": -99.23954409999999, "uuid": "4138ce01-a916-43ea-be7c-c7970b978890", "rating": 3.7}, {"sucursal": "Azcapotzalco 563, Azcapotzalco, 02000 Ciudad de M\u00e9xico, CDMX", "latitud": 19.4789871, "longitud": -99.18675499999999, "uuid": "f6be7b21-7e6c-4afb-b49f-221ab2b354e6", "rating": 2.5}, {"sucursal": "Av. Paseo de la Reforma 378, Ju\u00e1rez, Cuauht\u00e9moc, 06600 Ciudad de M\u00e9xico, CDMX", "latitud": 19.4257016, "longitud": -99.16930239999999, "uuid": "4c6cd330-19e3-4d46-bb9f-34e02bc32cc9", "rating": 2.9}, {"sucursal": "Av Ej\u00e9rcito Nacional 843, Granada, Miguel Hidalgo, 11520 Ciudad de M\u00e9xico, CDMX", "latitud": 19.439222, "longitud": -99.2023899, "uuid": "9ff09b4f-780f-4e0b-a3e5-9e3512a7d3c4", "rating": 2.1}, {"sucursal": "Calz. de Tlalpan 1564, sineo, Miravalle, Benito Ju\u00e1rez, 03580 Ciudad de M\u00e9xico, CDMX", "latitud": 19.3605228, "longitud": -99.14280470000001, "uuid": "2ed65451-4414-4562-bb34-e6040652ba0d", "rating": 3.6}, {"sucursal": "Calle Avena 489, Granjas M\u00e9xico, Iztacalco, 08400 Ciudad de M\u00e9xico, CDMX", "latitud": 19.4017118, "longitud": -99.09864879999999, "uuid": "4ea4af27-209f-4864-ad97-ae32a4c6b693", "rating": 3.1}, {"sucursal": "Av, Calle Alberto Santos Dumont 191, Aviaci\u00f3n Civil, 15740 Ciudad de M\u00e9xico, CDMX", "latitud": 19.417483, "longitud": -99.0779518, "uuid": "757b6fbe-107e-4cf2-9bc0-3a2b32ba15e2", "rating": 2.6}, {"sucursal": "Calz. Ignacio Zaragoza 750, Aviaci\u00f3n Civil, Venustiano Carranza, 15740 Ciudad de M\u00e9xico, CDMX", "latitud": 19.411611, "longitud": -99.0807384, "uuid": "c2755a11-6bad-4a88-8099-0fca83db2ca6", "rating": 3.4}, {"sucursal": "Calz. de las \u00c1guilas 1300, Puente Colorado, \u00c1lvaro Obreg\u00f3n, 01759 Ciudad de M\u00e9xico, CDMX", "latitud": 19.3480186, "longitud": -99.2306895, "uuid": "9c0bf12d-16e4-4d06-beac-288f461f1f61", "rating": 2.8}, {"sucursal": "Av. Universidad 597, Col del Valle Centro, Benito Ju\u00e1rez, 03100 Ciudad de M\u00e9xico, CDMX", "latitud": 19.3788009, "longitud": -99.16016409999999, "uuid": "b78f6092-d8da-4c3b-a03f-5e7e747b447e", "rating": 2.9}, {"sucursal": "Calle Iglesia 2, Tizap\u00e1n San \u00c1ngel, Loreto y Campamento, \u00c1lvaro Obreg\u00f3n, 01090 Ciudad de M\u00e9xico, CDMX", "latitud": 19.3345837, "longitud": -99.1997533, "uuid": "8c80eed7-28ef-488e-908c-977509900a90", "rating": 3.0}, {"sucursal": "Eje 5 Norte, Calz. San Juan de Arag\u00f3n 3497, Gustavo A. Madero, 07050 Ciudad de M\u00e9xico, CDMX", "latitud": 19.4823812, "longitud": -99.10545409999999, "uuid": "aac4dd17-4e52-4891-b94e-98deb6563b0e", "rating": 3.6}, {"sucursal": "Moliere 342 Locales 8 y 9 Palmas, Polanco, 11560 Ciudad de M\u00e9xico, CDMX", "latitud": 19.4376978, "longitud": -99.20119340000001, "uuid": "460510a1-7e13-4e84-8a89-515c3fc6f5c1", "rating": 2.4}, {"sucursal": "Av. Pdte. Masaryk 43, Polanco, Polanco V Secc, Miguel Hidalgo, 11560 Ciudad de M\u00e9xico, CDMX", "latitud": 19.4318772, "longitud": -99.1828535, "uuid": "fa3292e6-5a4d-4de0-aa36-9b914c7bfb59", "rating": 3.0}, {"sucursal": "Av Plan de San Luis 491, Nueva Santa Mar\u00eda, Azcapotzalco, 02800 Ciudad de M\u00e9xico, CDMX", "latitud": 19.4655509, "longitud": -99.1665678, "uuid": "3b0d261e-70fb-40c0-a86a-0c8951d7dbe4", "rating": 3.2}, {"sucursal": "Blvd. Magnocentro 26, Palo Solo, 52760 Naucalpan de Ju\u00e1rez, M\u00e9x.", "latitud": 19.406866, "longitud": -99.2721349, "uuid": "8d5e8c06-e211-404f-9338-06cdf45fff89", "rating": 2.1}, {"sucursal": "Av. Divisi\u00f3n del Nte. 3240, Cd Jard\u00edn, Coyoac\u00e1n, 04370 Ciudad de M\u00e9xico, CDMX", "latitud": 19.3344575, "longitud": -99.14624219999999, "uuid": "717b73bb-b6ac-4859-9b34-1bf907625469", "rating": 3.3}, {"sucursal": "H.Congreso de la Uni\u00f3n 5441, Bondojito, Gustavo A. Madero, 07850 Ciudad de M\u00e9xico, CDMX", "latitud": 19.4662484, "longitud": -99.1109867, "uuid": "62faea72-7cdb-4e80-a6f3-0ab84793a467", "rating": 2.7}, {"sucursal": "Calle de la Palma 19, Centro Hist\u00f3rico de la Cdad. de M\u00e9xico, Centro, Cuauht\u00e9moc, 06000 Ciudad de M\u00e9xico, CDMX", "latitud": 19.4339217, "longitud": -99.1354085, "uuid": "d24fa687-1811-4bb5-8b98-73d14abb1bbf", "rating": 4.0}, {"sucursal": "Calz. de Tlalpan 542, Moderna, Benito Ju\u00e1rez, 03510 Ciudad de M\u00e9xico, CDMX", "latitud": 19.3987513, "longitud": -99.13692449999999, "uuid": "6433b3ae-7b66-4e4c-820b-a2ccfb22ade9", "rating": 3.4}, {"sucursal": "Perif. Blvd. Manuel \u00c1vila Camacho 5, Residencial Lomas de Sotelo, 53390 Naucalpan de Ju\u00e1rez, M\u00e9x.", "latitud": 19.4544056, "longitud": -99.2189288, "uuid": "78ea0f22-3f84-4f37-9e20-152298e37b41", "rating": 3.0}, {"sucursal": "Av. Paseo de las Palmas 620, Lomas - Virreyes, Lomas de Chapultepec, Miguel Hidalgo, 11000 Ciudad de M\u00e9xico, CDMX", "latitud": 19.4293644, "longitud": -99.21440779999999, "uuid": "80fc8d14-7f6f-48e3-9910-0aa48140b1eb", "rating": 2.3}, {"sucursal": "REPUBLICA No. 11, Zacahuitzco, 03580 Ciudad de M\u00e9xico, CDMX", "latitud": 19.3626344, "longitud": -99.1391202, "uuid": "732e8211-1929-4c92-b578-e45c88488d97", "rating": 2.6}, {"sucursal": "PLAZA FORUM BUENAVISTA, Eje 1 Nte. 259, 06350 Ciudad de M\u00e9xico", "latitud": 19.4496728, "longitud": -99.1516292, "uuid": "3dc21186-0ff4-4000-943c-8a49011115a2", "rating": 3.0}, {"sucursal": "Perif. Blvd. Manuel \u00c1vila Camacho 291, Periodista, Miguel Hidalgo, 11200 Ciudad de M\u00e9xico, CDMX", "latitud": 19.4519956, "longitud": -99.2196408, "uuid": "3aa962b5-f9ec-43b6-ae18-e5e57d86bd69", "rating": 3.0}, {"sucursal": "Av. Centenario 2080, Pueblo de Santiago Atzacoalco, Gustavo A. Madero, 07040 Ciudad de M\u00e9xico, CDMX", "latitud": 19.5002042, "longitud": -99.09512860000001, "uuid": "3829c073-9793-42e5-8661-cddfd4d90d07", "rating": 2.8}, {"sucursal": "Av. Ribera de San Cosme 2, San Rafael, Cuauht\u00e9moc, 06470 Ciudad de M\u00e9xico, CDMX", "latitud": 19.4397421, "longitud": -99.1566422, "uuid": "28265468-bb32-472b-9ab1-564f27d8ea35", "rating": 2.5}, {"sucursal": "Av. T\u00e9 799, Bramadero Ramos Mill\u00e1n, Iztacalco, 08400 Ciudad de M\u00e9xico, CDMX", "latitud": 19.3958908, "longitud": -99.09445710000001, "uuid": "2d1119a8-e792-4cf6-b3c9-80a83836d09f", "rating": 2.1}, {"sucursal": "Cto. Medicos 1, Cd. Sat\u00e9lite, 53100 Naucalpan de Ju\u00e1rez, M\u00e9x.", "latitud": 19.5053403, "longitud": -99.23547490000001, "uuid": "d5fffcd4-8f37-4df4-a186-210dea6d3348", "rating": 2.7}, {"sucursal": "Circunvalaci\u00f3n 209, Zona Centro, Venustiano Carranza, 15100 Ciudad de M\u00e9xico, CDMX", "latitud": 19.4332106, "longitud": -99.1241495, "uuid": "25a21b5a-c6ca-40d2-97a0-e782dfcb8315", "rating": 4.4}, {"sucursal": "Av. 4a. Avenida 257, Benito Ju\u00e1rez, 57000 Nezahualc\u00f3yotl, M\u00e9x.", "latitud": 19.4024826, "longitud": -98.99370259999999, "uuid": "294923e2-8fca-42eb-95ed-b4caf25906a4", "rating": 2.2}, {"sucursal": "Plaza Jardines, De los Alcanfores 60, Lomas de Occipaco, 53240 Naucalpan de Ju\u00e1rez, M\u00e9x.", "latitud": 19.48724, "longitud": -99.2598264, "uuid": "3b46bcf1-0f05-4698-9b4d-8b8ed044b167", "rating": 2.8}, {"sucursal": "Lago Alberto No.422, An\u00e1huac I Secc, Miguel Hidalgo, 11320 Ciudad de M\u00e9xico, CDMX", "latitud": 19.4386638, "longitud": -99.1787049, "uuid": "b62b23d8-3ba2-4c2d-8a78-119a59174a9f", "rating": 4.1}, {"sucursal": "Calz. de Tlalpan 4317, Toriello Guerra, Tlalpan, 14000 Ciudad de M\u00e9xico, CDMX", "latitud": 19.297415, "longitud": -99.1529231, "uuid": "3474ffbc-a348-4aca-994b-05b40e2d924f", "rating": 3.2}, {"sucursal": "Calz de Guadalupe 724, Guadalupe Insurgentes, Tepeyac Insurgentes, Gustavo A. Madero, 07870 Ciudad de M\u00e9xico, CDMX", "latitud": 19.4825392, "longitud": -99.1183571, "uuid": "708be59a-2750-4aa0-8cb1-c5e6337cea2f", "rating": 2.8}, {"sucursal": "Calz M\u00e9xico-Tacuba 158, An\u00e1huac I Secc., Miguel Hidalgo, 11320 Ciudad de M\u00e9xico, CDMX", "latitud": 19.4471221, "longitud": -99.17091459999999, "uuid": "37eccdbc-58bd-4c4b-a532-6794d75a392c", "rating": 2.1}, {"sucursal": "Calle R\u00edo Verde 9, San Antonio Zomeyucan, 53530 Naucalpan de Ju\u00e1rez, M\u00e9x.", "latitud": 19.4591046, "longitud": -99.2383088, "uuid": "364073c7-000f-42a4-8058-938561a63b7c", "rating": 2.6}, {"sucursal": "Ermita Iztapalapa 560, Mexicaltzingo, Iztapalapa, 09080 Ciudad de M\u00e9xico, CDMX", "latitud": 19.3580103, "longitud": -99.12136129999999, "uuid": "36b653c2-1651-4a0d-97f6-ec76d69aefb5", "rating": 3.2}, {"sucursal": "Av. Tlahuac 195, Santa Isabel Industrial, Iztapalapa, 09820 Ciudad de M\u00e9xico, CDMX", "latitud": 19.3520697, "longitud": -99.1065835, "uuid": "eb1fc8ce-3613-44ff-b7d9-14bdea2e7329", "rating": 2.1}, {"sucursal": "1450 Entre Calle 1: GENERAL JOSE T SALGADO, Calz. Ignacio Zaragoza, Juan Escutia, 09100 Ciudad de M\u00e9xico, CDMX", "latitud": 19.3948838, "longitud": -99.0511042, "uuid": "d913c507-bd7b-4e8e-bfeb-ef597edcbc44", "rating": 2.6}, {"sucursal": "Av Miguel \u00c1ngel de Quevedo 227, Oxtopulco, Coyoac\u00e1n, 04360 Ciudad de M\u00e9xico, CDMX", "latitud": 19.3452821, "longitud": -99.1794805, "uuid": "9e1b7f53-785c-42c2-a0cc-d437b496c1db", "rating": 2.5}, {"sucursal": "Av. Ricardo Flores Mag\u00f3n 383, Sta Mar\u00eda la Ribera, Cuauht\u00e9moc, 06400 Ciudad de M\u00e9xico, CDMX", "latitud": 19.4551719, "longitud": -99.1574206, "uuid": "2d98d01c-3996-4d34-a0a9-d5bac6e302d0", "rating": 3.2}, {"sucursal": "Av. San Jer\u00f3nimo 70, Lomas Quebradas, La Magdalena Contreras, 10370 Ciudad de M\u00e9xico, CDMX", "latitud": 19.315607, "longitud": -99.2414706, "uuid": "7ee4d24d-e47f-4ae9-99e7-0e22e216b182", "rating": 3.2}, {"sucursal": "Periferico Sur No. 5550, Pedregal de Carrasco, Coyoac\u00e1n, 04700 Ciudad de M\u00e9xico, CDMX", "latitud": 19.3043208, "longitud": -99.16594169999999, "uuid": "faa8ffd6-e50b-488e-ad29-a5e5777c55b0", "rating": 2.6}, {"sucursal": "Calz Legaria 252, Amp Torre Blanca, Miguel Hidalgo, 11430 Ciudad de M\u00e9xico, CDMX", "latitud": 19.4531922, "longitud": -99.1973469, "uuid": "f14f26ab-2bd0-4cb7-8828-d0713607e9cc", "rating": 2.3}, {"sucursal": "Av. Javier Rojo G\u00f3mez 647, \u00c1rea Federal Central de Abastos, Iztapalapa, 09310 Ciudad de M\u00e9xico, CDMX", "latitud": 19.3748513, "longitud": -99.0786385, "uuid": "b97556e8-93dd-488b-bf84-bec397bb0b86", "rating": 2.9}, {"sucursal": "AV Canal DE Tezontle 1512 ESQ, Av Rio de la Antigua, Dr Alfonso Ortiz Tirado, Iztapalapa, 09020 CDMX", "latitud": 19.384118, "longitud": -99.0829279, "uuid": "d1b9524d-e346-4910-8b05-b50084464d26", "rating": 2.3}, {"sucursal": "Calz Taxque\u00f1a 2167, Culhuacan, Iztapalapa, 09800 Ciudad de M\u00e9xico, CDMX", "latitud": 19.3378916, "longitud": -99.10992859999999, "uuid": "9e8e6c36-f7bf-4510-942c-ef944878cd1f", "rating": 2.8}, {"sucursal": "Central de abasto CDMX, Av. R\u00edo Churubusco S/N, \u00c1rea Federal Central de Abastos, Iztapalapa, 09040 Ciudad de M\u00e9xico, CDMX", "latitud": 19.3718848, "longitud": -99.0949126, "uuid": "1f2f5957-9cb5-4b9d-935b-21d6e0b33ee8", "rating": 4.2}, {"sucursal": "Ermita Iztapalapa 160, El Santuario, Iztapalapa, 09820 Ciudad de M\u00e9xico, CDMX", "latitud": 19.3553341, "longitud": -99.0957751, "uuid": "918b4792-325d-46f3-a3c7-169c2b1a16d6", "rating": 3.5}, {"sucursal": "Centro Comercial Soriana, Canal de Miramontes 2600, Coyoac\u00e1n, 04460 Ciudad de M\u00e9xico, CDMX", "latitud": 19.321741, "longitud": -99.1318675, "uuid": "df29081a-1c79-4c13-8df9-59741aca923a", "rating": 2.3}, {"sucursal": "Av. Copilco 164, Copilco el Bajo, Coyoac\u00e1n, 04318 Ciudad de M\u00e9xico, CDMX", "latitud": 19.3382657, "longitud": -99.1842497, "uuid": "e81ce23f-bfa6-45af-b1d5-14394904e254", "rating": 2.7}, {"sucursal": "04890, Av. Divisi\u00f3n del Nte. 23, Coyoac\u00e1n, 04850 Ciudad de M\u00e9xico, CDMX", "latitud": 19.3127008, "longitud": -99.1354113, "uuid": "7ca680a0-6723-404b-9214-86e3a3939fe9", "rating": 4.0}, {"sucursal": "Calz. Ignacio Zaragoza 1090, Agr\u00edcola Pantitl\u00e1n, Iztacalco, 08100 Ciudad de M\u00e9xico, CDMX", "latitud": 19.402233, "longitud": -99.0641194, "uuid": "cd1c36ee-c91d-415e-a264-3bca9eb0b83f", "rating": 2.8}, {"sucursal": "Av San Bernab\u00e9 327, San Jer\u00f3nimo L\u00eddice, Independencia San Ram\u00f3n, La Magdalena Contreras, 10200 Ciudad de M\u00e9xico, CDMX", "latitud": 19.3341187, "longitud": -99.21834539999999, "uuid": "29ea803a-e1b2-4b61-9afd-71bee932c302", "rating": 3.3}, {"sucursal": "Av. Cuitl\u00e1huac, Eje 3 Nte. Camarones 4363 esquina, Azcapotzalco, 02840 CDMX", "latitud": 19.4676999, "longitud": -99.1764455, "uuid": "f22e8c38-ee9f-4189-ac8b-051d30b1e24d", "rating": 2.7}, {"sucursal": "Av. Revoluci\u00f3n 1175, Merced G\u00f3mez, Benito Ju\u00e1rez, 03930 Ciudad de M\u00e9xico, CDMX", "latitud": 19.3641316, "longitud": -99.18940769999999, "uuid": "b04a9a66-c8e5-4cea-861f-254698a2960f", "rating": 1.8}, {"sucursal": "Calz Taxque\u00f1a 1500, Campestre Churubusco, Coyoac\u00e1n, 04200 Ciudad de M\u00e9xico, CDMX", "latitud": 19.3408725, "longitud": -99.1340062, "uuid": "0f9c643a-5a78-4472-9d24-7263dc1d623b", "rating": 3.4}, {"sucursal": "Av. Tlahuac 26, Los Reyes, Tl\u00e1huac, 13080 Ciudad de M\u00e9xico, CDMX", "latitud": 19.2669, "longitud": -99.006, "uuid": "5ee4a70b-d1ed-4e3d-b519-25e824579c0b", "rating": 3.7}, {"sucursal": "241 A 244, Av. Central 120, 55140 Ecatepec de Morelos, M\u00e9x.", "latitud": 19.5210077, "longitud": -99.0340478, "uuid": "45e5f2cf-97fb-4448-88d9-7915b6ded0ff", "rating": 3.1}, {"sucursal": "Perif\u00e9rico Boulevard Manuel \u00c1vila Camacho 2251 CC Plaza Sat\u00e9lite, local R-307, Cd. Sat\u00e9lite, 53100 Naucalpan de Ju\u00e1rez, M\u00e9x.", "latitud": 19.5102499, "longitud": -99.2342176, "uuid": "333c13b9-4d92-41af-84cf-a86aa4dc6387", "rating": 4.4}, {"sucursal": "Calz. Vallejo 2000, San Jos\u00e9 de la Escalera, Gustavo A. Madero, 07620 Ciudad de M\u00e9xico, CDMX", "latitud": 19.5287479, "longitud": -99.1692278, "uuid": "0e467a5b-4616-4eca-bea8-a3c4538df3e0", "rating": 3.3}, {"sucursal": "Monte L\u00edbano 915, Lomas de Chapultepec, Miguel Hidalgo, 11000 Ciudad de M\u00e9xico, CDMX", "latitud": 19.415818, "longitud": -99.2257573, "uuid": "174d2912-99de-4e6f-b745-c7b575d62f29", "rating": 2.5}, {"sucursal": "Cruz Manca, Prolongacion Paseo de la Reforma 1200, Lomas de Santa Fe, Contadero, Cuajimalpa de Morelos, 05349 Ciudad de M\u00e9xico, CDMX", "latitud": 19.3575893, "longitud": -99.27058939999999, "uuid": "1f262596-e4a2-41f1-b9f3-ddbde1a730d1", "rating": 2.5}, {"sucursal": "Calz. Vallejo 1111, Patera Vallejo I Secc, Gustavo A. Madero, 07710 Ciudad de M\u00e9xico, CDMX", "latitud": 19.5035897, "longitud": -99.1570576, "uuid": "f894af8c-0681-496c-b046-c76e701044a7", "rating": 2.6}, {"sucursal": "Av. Aztecas 270, Los Reyes, Coyoac\u00e1n, 04630 Ciudad de M\u00e9xico, CDMX", "latitud": 19.3287341, "longitud": -99.1537903, "uuid": "e218dad1-c586-49e2-9fca-ed34b2de03d7", "rating": 2.7}, {"sucursal": "Calz. de las Bombas 734, Coapa, Cafetales I, Coyoac\u00e1n, 04918 Ciudad de M\u00e9xico, CDMX", "latitud": 19.3111364, "longitud": -99.110396, "uuid": "3de807f9-cc7b-4fa2-bda6-4c41e25f5bba", "rating": 3.0}, {"sucursal": "Av. Adolfo L\u00f3pez Mateos 21, Evolucion, 57700 Ciudad de M\u00e9xico, M\u00e9x.", "latitud": 19.3987989, "longitud": -99.02913699999999, "uuid": "e241de61-7e73-4d49-b1e3-a94721acd9d6", "rating": 2.2}, {"sucursal": "Calle Paseo de Las Lilas 92, Lomas de Bezares, Miguel Hidalgo, 05120 Ciudad de M\u00e9xico, CDMX", "latitud": 19.388584, "longitud": -99.2479053, "uuid": "e72244aa-34f1-476b-8fb2-008d90d76b8d", "rating": 4.0}, {"sucursal": "Camino a Nativitas 35, Xaltocan, Xochimilco, 16090 Ciudad de M\u00e9xico, CDMX", "latitud": 19.2542317, "longitud": -99.10305679999999, "uuid": "7893a220-790b-4bdc-9e8b-7b282e8cb1fe", "rating": 3.6}]}