{"results": [{"sucursal": "Camino a Nativitas 35, Xaltocan, Xochimilco, 16090 Ciudad de M\u00e9xico, CDMX", "lalitud": 19.3967711, "longitud": -99.1615616, "uuid": "f5a1d96f-b6e7-42d3-b3ce-fdc0478a2f03", "rating": 4.2}, {"sucursal": "Camino a Nativitas 35, Xaltocan, Xochimilco, 16090 Ciudad de M\u00e9xico, CDMX", "lalitud": 19.389823, "longitud": -99.1660704, "uuid": "2e065ef1-c2a5-4d55-b84a-facc12ee3c05", "rating": 3.3}, {"sucursal": "Camino a Nativitas 35, Xaltocan, Xochimilco, 16090 Ciudad de M\u00e9xico, CDMX", "lalitud": 19.3949774, "longitud": -99.14352199999999, "uuid": "28812b06-4986-4c40-affd-70acfbc308b3", "rating": 2.4}, {"sucursal": "Camino a Nativitas 35, Xaltocan, Xochimilco, 16090 Ciudad de M\u00e9xico, CDMX", "lalitud": 19.3946869, "longitud": -99.1741388, "uuid": "ef651186-2dea-4f3f-8691-27e52c207da0", "rating": 3.2}, {"sucursal": "Camino a Nativitas 35, Xaltocan, Xochimilco, 16090 Ciudad de M\u00e9xico, CDMX", "lalitud": 19.394611, "longitud": -99.17189429999999, "uuid": "79aac251-8c68-49e1-9e89-12e9964ed895", "rating": 2.3}, {"sucursal": "Camino a Nativitas 35, Xaltocan, Xochimilco, 16090 Ciudad de M\u00e9xico, CDMX", "lalitud": 19.4089649, "longitud": -99.1721474, "uuid": "09b5aaed-90d9-439d-84a0-22136e835c36", "rating": 2.6}, {"sucursal": "Camino a Nativitas 35, Xaltocan, Xochimilco, 16090 Ciudad de M\u00e9xico, CDMX", "lalitud": 19.4016739, "longitud": -99.170221, "uuid": "9de77235-2900-4d20-8942-09c9188a9d60", "rating": 3.2}, {"sucursal": "Camino a Nativitas 35, Xaltocan, Xochimilco, 16090 Ciudad de M\u00e9xico, CDMX", "lalitud": 19.3870951, "longitud": -99.1749589, "uuid": "0c8fc005-4c97-44fd-8845-994e70dcfbcc", "rating": 2.5}, {"sucursal": "Camino a Nativitas 35, Xaltocan, Xochimilco, 16090 Ciudad de M\u00e9xico, CDMX", "lalitud": 19.4057664, "longitud": -99.1365714, "uuid": "a39b6000-0724-4661-8b86-523c0149df24", "rating": 4.3}, {"sucursal": "Camino a Nativitas 35, Xaltocan, Xochimilco, 16090 Ciudad de M\u00e9xico, CDMX", "lalitud": 19.3987587, "longitud": -99.13691209999999, "uuid": "54793a74-4b0d-4898-a3cb-0fd8429c64f8", "rating": 2.7}, {"sucursal": "Camino a Nativitas 35, Xaltocan, Xochimilco, 16090 Ciudad de M\u00e9xico, CDMX", "lalitud": 19.3828367, "longitud": -99.14788010000001, "uuid": "502fee18-66c2-4139-bb18-8391b228780d", "rating": 2.6}, {"sucursal": "Camino a Nativitas 35, Xaltocan, Xochimilco, 16090 Ciudad de M\u00e9xico, CDMX", "lalitud": 19.4023464, "longitud": -99.1534961, "uuid": "78226720-ce8c-47fa-9ef5-f169653d2aef", "rating": 3.2}, {"sucursal": "Camino a Nativitas 35, Xaltocan, Xochimilco, 16090 Ciudad de M\u00e9xico, CDMX", "lalitud": 19.3846657, "longitud": -99.1834689, "uuid": "387d7bea-4554-4b72-a59e-a1b21dd68fc6", "rating": 3.5}, {"sucursal": "Camino a Nativitas 35, Xaltocan, Xochimilco, 16090 Ciudad de M\u00e9xico, CDMX", "lalitud": 19.4063641, "longitud": -99.16304290000001, "uuid": "685eded8-e4bc-4577-bed4-307ecf585d71", "rating": 3.4}, {"sucursal": "Camino a Nativitas 35, Xaltocan, Xochimilco, 16090 Ciudad de M\u00e9xico, CDMX", "lalitud": 19.4008062, "longitud": -99.1326876, "uuid": "5ac1e4d1-2835-4a92-bc34-c9f9f0308c24", "rating": 2.5}, {"sucursal": "Camino a Nativitas 35, Xaltocan, Xochimilco, 16090 Ciudad de M\u00e9xico, CDMX", "lalitud": 19.3782998, "longitud": -99.1348709, "uuid": "fdec4612-0397-4e72-ab4e-227aab048d83", "rating": 3.4}, {"sucursal": "Camino a Nativitas 35, Xaltocan, Xochimilco, 16090 Ciudad de M\u00e9xico, CDMX", "lalitud": 19.4112814, "longitud": -99.15580659999999, "uuid": "3699942f-0c62-4cde-a42a-f8589da0adfb", "rating": 3.1}, {"sucursal": "Camino a Nativitas 35, Xaltocan, Xochimilco, 16090 Ciudad de M\u00e9xico, CDMX", "lalitud": 19.373315, "longitud": -99.1794954, "uuid": "c9364f3d-b96c-4468-ac97-ab6bb1583113", "rating": 2.9}, {"sucursal": "Camino a Nativitas 35, Xaltocan, Xochimilco, 16090 Ciudad de M\u00e9xico, CDMX", "lalitud": 19.3728764, "longitud": -99.1406428, "uuid": "6886051c-d74e-4684-a84d-0c4b4efccda9", "rating": 2.9}, {"sucursal": "Camino a Nativitas 35, Xaltocan, Xochimilco, 16090 Ciudad de M\u00e9xico, CDMX", "lalitud": 19.3780454, "longitud": -99.1408374, "uuid": "607aa5a5-3d21-42ec-9c22-2004faa05124", "rating": 2.9}, {"sucursal": "Camino a Nativitas 35, Xaltocan, Xochimilco, 16090 Ciudad de M\u00e9xico, CDMX", "lalitud": 19.3962745, "longitud": -99.1549989, "uuid": "734c5223-291d-432f-8d75-82e23afbdbd0", "rating": 2.9}, {"sucursal": "Camino a Nativitas 35, Xaltocan, Xochimilco, 16090 Ciudad de M\u00e9xico, CDMX", "lalitud": 19.4041266, "longitud": -99.14467479999999, "uuid": "9ab1edad-d00d-41e0-959f-943b1e96b857", "rating": 3.3}, {"sucursal": "Camino a Nativitas 35, Xaltocan, Xochimilco, 16090 Ciudad de M\u00e9xico, CDMX", "lalitud": 19.3493026, "longitud": -99.15035019999999, "uuid": "4cdbd4fa-a6b6-4b2c-83fe-f476d3c88010", "rating": 2.8}, {"sucursal": "Camino a Nativitas 35, Xaltocan, Xochimilco, 16090 Ciudad de M\u00e9xico, CDMX", "lalitud": 19.3781704, "longitud": -99.14086979999999, "uuid": "ab4a62c8-7b23-4aa9-8762-b274ebdbd76d", "rating": 2.4}, {"sucursal": "Camino a Nativitas 35, Xaltocan, Xochimilco, 16090 Ciudad de M\u00e9xico, CDMX", "lalitud": 19.4181668, "longitud": -99.16405920000001, "uuid": "7299bea5-a43e-4f4e-a139-36807f8cbd26", "rating": 2.9}, {"sucursal": "Camino a Nativitas 35, Xaltocan, Xochimilco, 16090 Ciudad de M\u00e9xico, CDMX", "lalitud": 19.3964958, "longitud": -99.1808566, "uuid": "63354201-6c84-418c-801a-197432763e63", "rating": 1.7}, {"sucursal": "Camino a Nativitas 35, Xaltocan, Xochimilco, 16090 Ciudad de M\u00e9xico, CDMX", "lalitud": 19.4142498, "longitud": -99.1345034, "uuid": "b4b0f331-7643-4739-81dd-32f9bbda937c", "rating": 2.7}, {"sucursal": "Camino a Nativitas 35, Xaltocan, Xochimilco, 16090 Ciudad de M\u00e9xico, CDMX", "lalitud": 19.4103607, "longitud": -99.16639479999999, "uuid": "3249a054-0cef-498f-aba3-b1ae77c37ae7", "rating": 3.0}, {"sucursal": "Camino a Nativitas 35, Xaltocan, Xochimilco, 16090 Ciudad de M\u00e9xico, CDMX", "lalitud": 19.373284, "longitud": -99.17592049999999, "uuid": "5eebae37-a4a1-4872-a89d-6090b9d8707b", "rating": 2.7}, {"sucursal": "Camino a Nativitas 35, Xaltocan, Xochimilco, 16090 Ciudad de M\u00e9xico, CDMX", "lalitud": 19.394835, "longitud": -99.1229928, "uuid": "a75482a1-13f7-4663-85ef-a284e4ba22a6", "rating": 3.7}, {"sucursal": "Camino a Nativitas 35, Xaltocan, Xochimilco, 16090 Ciudad de M\u00e9xico, CDMX", "lalitud": 19.3958262, "longitud": -99.1234825, "uuid": "32b205fe-72d9-47be-b932-1a2ac96bee43", "rating": 2.9}, {"sucursal": "Camino a Nativitas 35, Xaltocan, Xochimilco, 16090 Ciudad de M\u00e9xico, CDMX", "lalitud": 19.4235823, "longitud": -99.15346369999999, "uuid": "4aae21a8-3937-4fec-86a4-907a6546af20", "rating": 3.0}, {"sucursal": "Camino a Nativitas 35, Xaltocan, Xochimilco, 16090 Ciudad de M\u00e9xico, CDMX", "lalitud": 19.4282267, "longitud": -99.12940189999999, "uuid": "e75f26f3-6c04-4c1f-af70-9167f53be14d", "rating": 2.4}, {"sucursal": "Camino a Nativitas 35, Xaltocan, Xochimilco, 16090 Ciudad de M\u00e9xico, CDMX", "lalitud": 19.3790581, "longitud": -99.1584079, "uuid": "ff914f2b-bf9c-4a05-a21c-9377b92de302", "rating": 2.6}, {"sucursal": "Camino a Nativitas 35, Xaltocan, Xochimilco, 16090 Ciudad de M\u00e9xico, CDMX", "lalitud": 19.4764797, "longitud": -99.0524875, "uuid": "c4f577cc-3a2f-42cf-bfe3-70ccd7240db1", "rating": 2.1}, {"sucursal": "Camino a Nativitas 35, Xaltocan, Xochimilco, 16090 Ciudad de M\u00e9xico, CDMX", "lalitud": 19.4261374, "longitud": -99.162113, "uuid": "35747339-1c02-4105-889d-82cbedd92711", "rating": 3.2}, {"sucursal": "Camino a Nativitas 35, Xaltocan, Xochimilco, 16090 Ciudad de M\u00e9xico, CDMX", "lalitud": 19.4215948, "longitud": -99.1590856, "uuid": "8ca4ea38-3834-4010-9c0e-8be217a49e88", "rating": 2.6}, {"sucursal": "Camino a Nativitas 35, Xaltocan, Xochimilco, 16090 Ciudad de M\u00e9xico, CDMX", "lalitud": 19.3680889, "longitud": -99.15632590000001, "uuid": "cfd0bf1b-cb1a-4794-a775-a3b75359f9f5", "rating": 2.8}, {"sucursal": "Camino a Nativitas 35, Xaltocan, Xochimilco, 16090 Ciudad de M\u00e9xico, CDMX", "lalitud": 19.3771903, "longitud": -99.1223857, "uuid": "b161309a-7caa-4855-87f9-c11b80b93c0f", "rating": 2.8}, {"sucursal": "Camino a Nativitas 35, Xaltocan, Xochimilco, 16090 Ciudad de M\u00e9xico, CDMX", "lalitud": 19.3670774, "longitud": -99.1659708, "uuid": "561a6f4d-7922-4568-91cf-e9634ffc4b16", "rating": 2.8}, {"sucursal": "Camino a Nativitas 35, Xaltocan, Xochimilco, 16090 Ciudad de M\u00e9xico, CDMX", "lalitud": 19.3694319, "longitud": -99.1880886, "uuid": "6c13742c-a98d-475b-b0c4-5842467e7b86", "rating": 3.7}, {"sucursal": "Camino a Nativitas 35, Xaltocan, Xochimilco, 16090 Ciudad de M\u00e9xico, CDMX", "lalitud": 19.4091727, "longitud": -99.1256016, "uuid": "7f51002f-7cfb-440f-bb4d-356c8edc8fde", "rating": 3.1}, {"sucursal": "Camino a Nativitas 35, Xaltocan, Xochimilco, 16090 Ciudad de M\u00e9xico, CDMX", "lalitud": 19.361339, "longitud": -99.1501322, "uuid": "79e03e61-e880-43c5-a68f-3e66e2ead28e", "rating": 3.1}, {"sucursal": "Camino a Nativitas 35, Xaltocan, Xochimilco, 16090 Ciudad de M\u00e9xico, CDMX", "lalitud": 19.4398402, "longitud": -99.13967, "uuid": "0f2cbdcf-b573-48d5-833f-d56691fc2edf", "rating": 3.0}, {"sucursal": "Camino a Nativitas 35, Xaltocan, Xochimilco, 16090 Ciudad de M\u00e9xico, CDMX", "lalitud": 19.3618437, "longitud": -99.196871, "uuid": "ac0fbff9-e384-49b7-9edc-fe72b10a7db8", "rating": 2.9}, {"sucursal": "Camino a Nativitas 35, Xaltocan, Xochimilco, 16090 Ciudad de M\u00e9xico, CDMX", "lalitud": 19.4141889, "longitud": -99.1277028, "uuid": "87563f0d-4566-4d55-b818-27f59d5f3a72", "rating": 3.4}, {"sucursal": "Camino a Nativitas 35, Xaltocan, Xochimilco, 16090 Ciudad de M\u00e9xico, CDMX", "lalitud": 19.4259054, "longitud": -99.1666975, "uuid": "274cb7d6-ffb4-40d3-ac05-191a2421ebd4", "rating": 3.4}, {"sucursal": "Camino a Nativitas 35, Xaltocan, Xochimilco, 16090 Ciudad de M\u00e9xico, CDMX", "lalitud": 19.4195781, "longitud": -99.1379405, "uuid": "c64246c2-7279-4980-9d9f-c1ce1d9d99ae", "rating": 2.9}, {"sucursal": "Camino a Nativitas 35, Xaltocan, Xochimilco, 16090 Ciudad de M\u00e9xico, CDMX", "lalitud": 19.3632368, "longitud": -99.1820748, "uuid": "66944fdb-13ad-4359-9ca6-bcfc6e5eb03c", "rating": 3.3}, {"sucursal": "Camino a Nativitas 35, Xaltocan, Xochimilco, 16090 Ciudad de M\u00e9xico, CDMX", "lalitud": 19.4196404, "longitud": -99.1695089, "uuid": "281a693f-749c-474d-9ba8-fff369401c2b", "rating": 2.3}, {"sucursal": "Camino a Nativitas 35, Xaltocan, Xochimilco, 16090 Ciudad de M\u00e9xico, CDMX", "lalitud": 19.3506172, "longitud": -99.1908787, "uuid": "e63237d7-4d1f-4d57-b347-fe0793bc5601", "rating": 1.8}, {"sucursal": "Camino a Nativitas 35, Xaltocan, Xochimilco, 16090 Ciudad de M\u00e9xico, CDMX", "lalitud": 19.4295913, "longitud": -99.15344209999999, "uuid": "e3c3e17f-ddc2-41bf-afac-d9afd2ce1786", "rating": 3.6}, {"sucursal": "Camino a Nativitas 35, Xaltocan, Xochimilco, 16090 Ciudad de M\u00e9xico, CDMX", "lalitud": 19.4254473, "longitud": -99.17748789999999, "uuid": "b6957b3e-fc08-49fe-8b8b-10faf70bf84f", "rating": 2.2}, {"sucursal": "Camino a Nativitas 35, Xaltocan, Xochimilco, 16090 Ciudad de M\u00e9xico, CDMX", "lalitud": 19.4053232, "longitud": -99.18418439999999, "uuid": "00b84163-c2fb-4107-a55d-8970cdea9f8c", "rating": 2.7}, {"sucursal": "Camino a Nativitas 35, Xaltocan, Xochimilco, 16090 Ciudad de M\u00e9xico, CDMX", "lalitud": 19.398557, "longitud": -99.11150620000001, "uuid": "b37f61b5-837e-4b1c-8947-df1fad771a8f", "rating": 3.3}, {"sucursal": "Camino a Nativitas 35, Xaltocan, Xochimilco, 16090 Ciudad de M\u00e9xico, CDMX", "lalitud": 19.4167867, "longitud": -99.14399379999999, "uuid": "abfa1e9a-8dd5-402d-b1a6-fc640b5e8ea1", "rating": 4.3}, {"sucursal": "Camino a Nativitas 35, Xaltocan, Xochimilco, 16090 Ciudad de M\u00e9xico, CDMX", "lalitud": 19.4341713, "longitud": -99.1425237, "uuid": "56c9db72-c064-4856-9af9-963c3a7c15fb", "rating": 2.5}, {"sucursal": "Camino a Nativitas 35, Xaltocan, Xochimilco, 16090 Ciudad de M\u00e9xico, CDMX", "lalitud": 19.3610522, "longitud": -99.1836031, "uuid": "9e6d0e73-61b3-4107-9d8a-fb1db7758a49", "rating": 3.3}, {"sucursal": "Camino a Nativitas 35, Xaltocan, Xochimilco, 16090 Ciudad de M\u00e9xico, CDMX", "lalitud": 19.3430648, "longitud": -99.1516633, "uuid": "03b16a54-d0be-49a2-be7d-ee7581c8a17a", "rating": 2.3}, {"sucursal": "Camino a Nativitas 35, Xaltocan, Xochimilco, 16090 Ciudad de M\u00e9xico, CDMX", "lalitud": 19.4319378, "longitud": -99.13837319999999, "uuid": "f6458460-9ac3-45d6-915d-51cb65ce389d", "rating": 2.7}, {"sucursal": "Camino a Nativitas 35, Xaltocan, Xochimilco, 16090 Ciudad de M\u00e9xico, CDMX", "lalitud": 19.4266129, "longitud": -99.20416089999999, "uuid": "35464d16-b198-4421-9e7e-936b343465a5", "rating": 3.2}, {"sucursal": "Camino a Nativitas 35, Xaltocan, Xochimilco, 16090 Ciudad de M\u00e9xico, CDMX", "lalitud": 19.4357745, "longitud": -99.188153, "uuid": "daa73668-18db-45e5-9853-25a23b85e1f7", "rating": 3.0}, {"sucursal": "Camino a Nativitas 35, Xaltocan, Xochimilco, 16090 Ciudad de M\u00e9xico, CDMX", "lalitud": 19.3701613, "longitud": -99.1927061, "uuid": "bd484329-91e9-48e4-a2f9-cdc0af99cefa", "rating": 2.6}, {"sucursal": "Camino a Nativitas 35, Xaltocan, Xochimilco, 16090 Ciudad de M\u00e9xico, CDMX", "lalitud": 19.4315522, "longitud": -99.19730919999999, "uuid": "e1465fd5-63a5-45bd-ae72-4ce84c3f02b7", "rating": 2.4}, {"sucursal": "Camino a Nativitas 35, Xaltocan, Xochimilco, 16090 Ciudad de M\u00e9xico, CDMX", "lalitud": 19.4147322, "longitud": -99.0325581, "uuid": "64f30df7-0eb0-4344-b0b9-7d884c6c1ef0", "rating": 2.8}, {"sucursal": "Camino a Nativitas 35, Xaltocan, Xochimilco, 16090 Ciudad de M\u00e9xico, CDMX", "lalitud": 19.4354549, "longitud": -99.168579, "uuid": "6ac78f87-968e-474c-9cd0-d98d852b0287", "rating": 3.1}, {"sucursal": "Camino a Nativitas 35, Xaltocan, Xochimilco, 16090 Ciudad de M\u00e9xico, CDMX", "lalitud": 19.4260043, "longitud": -99.1711093, "uuid": "f88ea09f-48e0-4941-b17c-37fd302925ca", "rating": 3.3}, {"sucursal": "Camino a Nativitas 35, Xaltocan, Xochimilco, 16090 Ciudad de M\u00e9xico, CDMX", "lalitud": 19.4236684, "longitud": -99.1358004, "uuid": "f7983a42-d37b-43a2-84be-6db6b2ddce2d", "rating": 3.0}, {"sucursal": "Camino a Nativitas 35, Xaltocan, Xochimilco, 16090 Ciudad de M\u00e9xico, CDMX", "lalitud": 19.4316729, "longitud": -99.1286238, "uuid": "f8eb3b80-3916-4575-8e27-4fe77a12911c", "rating": 2.7}, {"sucursal": "Camino a Nativitas 35, Xaltocan, Xochimilco, 16090 Ciudad de M\u00e9xico, CDMX", "lalitud": 19.4391979, "longitud": -99.1528367, "uuid": "6a12065f-c04d-4e79-9f28-fb3b5b1d37df", "rating": 2.4}, {"sucursal": "Camino a Nativitas 35, Xaltocan, Xochimilco, 16090 Ciudad de M\u00e9xico, CDMX", "lalitud": 19.3502508, "longitud": -99.18629279999999, "uuid": "b881da23-6edd-4bf7-b7c2-6ab044800cbb", "rating": 3.2}, {"sucursal": "Camino a Nativitas 35, Xaltocan, Xochimilco, 16090 Ciudad de M\u00e9xico, CDMX", "lalitud": 19.3661982, "longitud": -99.21039329999999, "uuid": "5c9ddb7f-a549-42c6-8334-7b773a2c5c32", "rating": 3.2}, {"sucursal": "Camino a Nativitas 35, Xaltocan, Xochimilco, 16090 Ciudad de M\u00e9xico, CDMX", "lalitud": 19.4281588, "longitud": -99.16356189999999, "uuid": "34c97cb8-828b-43fe-a483-2b385df41389", "rating": 2.7}, {"sucursal": "Camino a Nativitas 35, Xaltocan, Xochimilco, 16090 Ciudad de M\u00e9xico, CDMX", "lalitud": 19.4174195, "longitud": -99.100788, "uuid": "73f605a6-bd79-4326-881d-fa4030c1f802", "rating": 2.7}, {"sucursal": "Camino a Nativitas 35, Xaltocan, Xochimilco, 16090 Ciudad de M\u00e9xico, CDMX", "lalitud": 20.6405045, "longitud": -100.4533144, "uuid": "19e7fdaf-189d-4c32-b122-2a334543ad57", "rating": 2.8}, {"sucursal": "Camino a Nativitas 35, Xaltocan, Xochimilco, 16090 Ciudad de M\u00e9xico, CDMX", "lalitud": 19.4020877, "longitud": -99.1536766, "uuid": "7e40cd4f-7ec3-4ee1-8ecf-fd8a778f8e74", "rating": 2.7}, {"sucursal": "Camino a Nativitas 35, Xaltocan, Xochimilco, 16090 Ciudad de M\u00e9xico, CDMX", "lalitud": 19.325031, "longitud": -99.2236295, "uuid": "19812826-f639-4362-8207-8814be29ea6b", "rating": 2.9}, {"sucursal": "Camino a Nativitas 35, Xaltocan, Xochimilco, 16090 Ciudad de M\u00e9xico, CDMX", "lalitud": 19.4052424, "longitud": -99.23954409999999, "uuid": "47b513e8-4b25-47d4-8799-3c6e22eea290", "rating": 3.7}, {"sucursal": "Camino a Nativitas 35, Xaltocan, Xochimilco, 16090 Ciudad de M\u00e9xico, CDMX", "lalitud": 19.4789871, "longitud": -99.18675499999999, "uuid": "fe7219d6-a431-4ff6-92f3-e006cce55cf8", "rating": 2.5}, {"sucursal": "Camino a Nativitas 35, Xaltocan, Xochimilco, 16090 Ciudad de M\u00e9xico, CDMX", "lalitud": 19.4257016, "longitud": -99.16930239999999, "uuid": "19330feb-ecc3-4e6b-8f21-ac32655045b3", "rating": 2.9}, {"sucursal": "Camino a Nativitas 35, Xaltocan, Xochimilco, 16090 Ciudad de M\u00e9xico, CDMX", "lalitud": 19.439222, "longitud": -99.2023899, "uuid": "e89a49b5-18fd-4c02-a7d8-a670b7e23dd8", "rating": 2.1}, {"sucursal": "Camino a Nativitas 35, Xaltocan, Xochimilco, 16090 Ciudad de M\u00e9xico, CDMX", "lalitud": 19.3605228, "longitud": -99.14280470000001, "uuid": "8546fa5d-e3f4-45bb-8961-70e068c46792", "rating": 3.6}, {"sucursal": "Camino a Nativitas 35, Xaltocan, Xochimilco, 16090 Ciudad de M\u00e9xico, CDMX", "lalitud": 19.4017118, "longitud": -99.09864879999999, "uuid": "dd8078a4-c0d2-402a-ae0e-56c196df3697", "rating": 3.1}, {"sucursal": "Camino a Nativitas 35, Xaltocan, Xochimilco, 16090 Ciudad de M\u00e9xico, CDMX", "lalitud": 19.417483, "longitud": -99.0779518, "uuid": "8b8b5770-5129-42f9-97fd-bcb38d69ad6f", "rating": 2.6}, {"sucursal": "Camino a Nativitas 35, Xaltocan, Xochimilco, 16090 Ciudad de M\u00e9xico, CDMX", "lalitud": 19.411611, "longitud": -99.0807384, "uuid": "51ff68e0-79d2-4f83-b60c-1055df99f0e4", "rating": 3.4}, {"sucursal": "Camino a Nativitas 35, Xaltocan, Xochimilco, 16090 Ciudad de M\u00e9xico, CDMX", "lalitud": 19.3480186, "longitud": -99.2306895, "uuid": "9398876b-b919-493c-99c2-7305d230e201", "rating": 2.8}, {"sucursal": "Camino a Nativitas 35, Xaltocan, Xochimilco, 16090 Ciudad de M\u00e9xico, CDMX", "lalitud": 19.3788009, "longitud": -99.16016409999999, "uuid": "21827e19-60e8-43d4-8e11-dfbd47c6e188", "rating": 2.9}, {"sucursal": "Camino a Nativitas 35, Xaltocan, Xochimilco, 16090 Ciudad de M\u00e9xico, CDMX", "lalitud": 19.3345837, "longitud": -99.1997533, "uuid": "a546ffac-b777-4b2e-93a1-847ffc4a6301", "rating": 3.0}, {"sucursal": "Camino a Nativitas 35, Xaltocan, Xochimilco, 16090 Ciudad de M\u00e9xico, CDMX", "lalitud": 19.4823812, "longitud": -99.10545409999999, "uuid": "5c57899e-4f31-4acf-9a28-e21130c2e438", "rating": 3.6}, {"sucursal": "Camino a Nativitas 35, Xaltocan, Xochimilco, 16090 Ciudad de M\u00e9xico, CDMX", "lalitud": 19.4376978, "longitud": -99.20119340000001, "uuid": "9493fcfa-8c8b-4826-a280-13bacafbd6ff", "rating": 2.4}, {"sucursal": "Camino a Nativitas 35, Xaltocan, Xochimilco, 16090 Ciudad de M\u00e9xico, CDMX", "lalitud": 19.4318772, "longitud": -99.1828535, "uuid": "4aa0b85b-f8c1-4dc6-9d58-cb5d5bb04281", "rating": 3.0}, {"sucursal": "Camino a Nativitas 35, Xaltocan, Xochimilco, 16090 Ciudad de M\u00e9xico, CDMX", "lalitud": 19.4655509, "longitud": -99.1665678, "uuid": "be7c05a9-d5c6-483d-819b-153a095101f7", "rating": 3.2}, {"sucursal": "Camino a Nativitas 35, Xaltocan, Xochimilco, 16090 Ciudad de M\u00e9xico, CDMX", "lalitud": 19.406866, "longitud": -99.2721349, "uuid": "ce9630c9-8f3d-41fa-a225-a0f3be7ac29e", "rating": 2.1}, {"sucursal": "Camino a Nativitas 35, Xaltocan, Xochimilco, 16090 Ciudad de M\u00e9xico, CDMX", "lalitud": 19.3344575, "longitud": -99.14624219999999, "uuid": "c3d09f22-dd1a-4d5d-8562-464dadb6509f", "rating": 3.3}, {"sucursal": "Camino a Nativitas 35, Xaltocan, Xochimilco, 16090 Ciudad de M\u00e9xico, CDMX", "lalitud": 19.4662484, "longitud": -99.1109867, "uuid": "e4ecaf4c-fb7d-4573-86ee-06866d32dfa8", "rating": 2.7}, {"sucursal": "Camino a Nativitas 35, Xaltocan, Xochimilco, 16090 Ciudad de M\u00e9xico, CDMX", "lalitud": 19.4339217, "longitud": -99.1354085, "uuid": "014ca43c-eb7f-461d-a575-cf65995e0e1d", "rating": 4.0}, {"sucursal": "Camino a Nativitas 35, Xaltocan, Xochimilco, 16090 Ciudad de M\u00e9xico, CDMX", "lalitud": 19.3987513, "longitud": -99.13692449999999, "uuid": "cb5971bb-bf87-4220-8f9d-90fd64f54bfe", "rating": 3.4}, {"sucursal": "Camino a Nativitas 35, Xaltocan, Xochimilco, 16090 Ciudad de M\u00e9xico, CDMX", "lalitud": 19.4544056, "longitud": -99.2189288, "uuid": "c4e9d5dc-6424-43be-a611-3d68de8963a7", "rating": 3.0}, {"sucursal": "Camino a Nativitas 35, Xaltocan, Xochimilco, 16090 Ciudad de M\u00e9xico, CDMX", "lalitud": 19.4293644, "longitud": -99.21440779999999, "uuid": "6a4adf24-c602-490a-970d-333b2390f004", "rating": 2.3}, {"sucursal": "Camino a Nativitas 35, Xaltocan, Xochimilco, 16090 Ciudad de M\u00e9xico, CDMX", "lalitud": 19.3626344, "longitud": -99.1391202, "uuid": "eb629ddf-eb6a-46b6-9649-9306673edf11", "rating": 2.6}, {"sucursal": "Camino a Nativitas 35, Xaltocan, Xochimilco, 16090 Ciudad de M\u00e9xico, CDMX", "lalitud": 19.4496728, "longitud": -99.1516292, "uuid": "5e982811-b98b-4c02-aded-7a7f37dc94ce", "rating": 3.0}, {"sucursal": "Camino a Nativitas 35, Xaltocan, Xochimilco, 16090 Ciudad de M\u00e9xico, CDMX", "lalitud": 19.4519956, "longitud": -99.2196408, "uuid": "273bd1e8-0ceb-4d42-a4d5-806f83d00a4f", "rating": 3.0}, {"sucursal": "Camino a Nativitas 35, Xaltocan, Xochimilco, 16090 Ciudad de M\u00e9xico, CDMX", "lalitud": 19.5002042, "longitud": -99.09512860000001, "uuid": "d66abbd5-a132-48a0-92df-e525583171c6", "rating": 2.8}, {"sucursal": "Camino a Nativitas 35, Xaltocan, Xochimilco, 16090 Ciudad de M\u00e9xico, CDMX", "lalitud": 19.4397421, "longitud": -99.1566422, "uuid": "9f53df70-df7a-4fc4-b750-ccbb6118d984", "rating": 2.5}, {"sucursal": "Camino a Nativitas 35, Xaltocan, Xochimilco, 16090 Ciudad de M\u00e9xico, CDMX", "lalitud": 19.3958908, "longitud": -99.09445710000001, "uuid": "81e1f940-b8e1-4131-9724-330833f37b96", "rating": 2.1}, {"sucursal": "Camino a Nativitas 35, Xaltocan, Xochimilco, 16090 Ciudad de M\u00e9xico, CDMX", "lalitud": 19.5053403, "longitud": -99.23547490000001, "uuid": "b3a81da3-16a1-4504-ad00-cd4b073c592b", "rating": 2.7}, {"sucursal": "Camino a Nativitas 35, Xaltocan, Xochimilco, 16090 Ciudad de M\u00e9xico, CDMX", "lalitud": 19.4332106, "longitud": -99.1241495, "uuid": "327a43ff-68ce-4494-9469-554376a561a1", "rating": 4.4}, {"sucursal": "Camino a Nativitas 35, Xaltocan, Xochimilco, 16090 Ciudad de M\u00e9xico, CDMX", "lalitud": 19.4024826, "longitud": -98.99370259999999, "uuid": "89d6931a-c908-4535-a5f8-1bdc34aa3b24", "rating": 2.2}, {"sucursal": "Camino a Nativitas 35, Xaltocan, Xochimilco, 16090 Ciudad de M\u00e9xico, CDMX", "lalitud": 19.48724, "longitud": -99.2598264, "uuid": "d627a3f9-b886-40da-bf6f-3df8625ffc18", "rating": 2.8}, {"sucursal": "Camino a Nativitas 35, Xaltocan, Xochimilco, 16090 Ciudad de M\u00e9xico, CDMX", "lalitud": 19.4386638, "longitud": -99.1787049, "uuid": "f7695ccf-c9c3-416d-8936-f1061e900c69", "rating": 4.1}, {"sucursal": "Camino a Nativitas 35, Xaltocan, Xochimilco, 16090 Ciudad de M\u00e9xico, CDMX", "lalitud": 19.297415, "longitud": -99.1529231, "uuid": "1f93f79e-c126-455d-b8f6-5a2ca244270e", "rating": 3.2}, {"sucursal": "Camino a Nativitas 35, Xaltocan, Xochimilco, 16090 Ciudad de M\u00e9xico, CDMX", "lalitud": 19.4825392, "longitud": -99.1183571, "uuid": "346ccf9f-58dd-4155-9996-1bd181200448", "rating": 2.8}, {"sucursal": "Camino a Nativitas 35, Xaltocan, Xochimilco, 16090 Ciudad de M\u00e9xico, CDMX", "lalitud": 19.4471221, "longitud": -99.17091459999999, "uuid": "75ff4c6b-e482-4e10-a9bb-bc8ffe61850a", "rating": 2.1}, {"sucursal": "Camino a Nativitas 35, Xaltocan, Xochimilco, 16090 Ciudad de M\u00e9xico, CDMX", "lalitud": 19.4591046, "longitud": -99.2383088, "uuid": "25d91f14-870b-45f7-a820-234780581405", "rating": 2.6}, {"sucursal": "Camino a Nativitas 35, Xaltocan, Xochimilco, 16090 Ciudad de M\u00e9xico, CDMX", "lalitud": 19.3580103, "longitud": -99.12136129999999, "uuid": "92bfd90d-9007-4f43-ad45-64011de7b783", "rating": 3.2}, {"sucursal": "Camino a Nativitas 35, Xaltocan, Xochimilco, 16090 Ciudad de M\u00e9xico, CDMX", "lalitud": 19.3520697, "longitud": -99.1065835, "uuid": "b97b3993-8e53-4be9-994b-7f4f7b788db5", "rating": 2.1}, {"sucursal": "Camino a Nativitas 35, Xaltocan, Xochimilco, 16090 Ciudad de M\u00e9xico, CDMX", "lalitud": 19.3948838, "longitud": -99.0511042, "uuid": "0fdaa310-a295-464a-964e-0c7de5df9014", "rating": 2.6}, {"sucursal": "Camino a Nativitas 35, Xaltocan, Xochimilco, 16090 Ciudad de M\u00e9xico, CDMX", "lalitud": 19.3452821, "longitud": -99.1794805, "uuid": "b37861db-edfe-4015-bd4a-00a5b12b99cf", "rating": 2.5}, {"sucursal": "Camino a Nativitas 35, Xaltocan, Xochimilco, 16090 Ciudad de M\u00e9xico, CDMX", "lalitud": 19.4551719, "longitud": -99.1574206, "uuid": "9a4d7fe4-f8d3-4349-aa6e-e991f7235b44", "rating": 3.2}, {"sucursal": "Camino a Nativitas 35, Xaltocan, Xochimilco, 16090 Ciudad de M\u00e9xico, CDMX", "lalitud": 19.315607, "longitud": -99.2414706, "uuid": "d3985462-1931-4733-8646-9755a9cd333f", "rating": 3.2}, {"sucursal": "Camino a Nativitas 35, Xaltocan, Xochimilco, 16090 Ciudad de M\u00e9xico, CDMX", "lalitud": 19.3043208, "longitud": -99.16594169999999, "uuid": "bb2c2751-f537-4372-af1f-7ea083019714", "rating": 2.6}, {"sucursal": "Camino a Nativitas 35, Xaltocan, Xochimilco, 16090 Ciudad de M\u00e9xico, CDMX", "lalitud": 19.4531922, "longitud": -99.1973469, "uuid": "11abb303-5ccf-4e51-bfab-e1003b6adcd5", "rating": 2.3}, {"sucursal": "Camino a Nativitas 35, Xaltocan, Xochimilco, 16090 Ciudad de M\u00e9xico, CDMX", "lalitud": 19.3748513, "longitud": -99.0786385, "uuid": "153f43c8-1dc4-49d8-9410-3496fa77ac6b", "rating": 2.9}, {"sucursal": "Camino a Nativitas 35, Xaltocan, Xochimilco, 16090 Ciudad de M\u00e9xico, CDMX", "lalitud": 19.384118, "longitud": -99.0829279, "uuid": "5f69bba9-89dc-4452-98f8-496d46cceab2", "rating": 2.3}, {"sucursal": "Camino a Nativitas 35, Xaltocan, Xochimilco, 16090 Ciudad de M\u00e9xico, CDMX", "lalitud": 19.3378916, "longitud": -99.10992859999999, "uuid": "2d5c7efe-9d7b-47fa-b13c-18ea106626e4", "rating": 2.8}, {"sucursal": "Camino a Nativitas 35, Xaltocan, Xochimilco, 16090 Ciudad de M\u00e9xico, CDMX", "lalitud": 19.3718848, "longitud": -99.0949126, "uuid": "d3c48dff-6beb-4800-94bb-f6cac810b7d4", "rating": 4.2}, {"sucursal": "Camino a Nativitas 35, Xaltocan, Xochimilco, 16090 Ciudad de M\u00e9xico, CDMX", "lalitud": 19.3553341, "longitud": -99.0957751, "uuid": "a0e75073-38e4-4a09-a2a2-17db65a6a38c", "rating": 3.5}, {"sucursal": "Camino a Nativitas 35, Xaltocan, Xochimilco, 16090 Ciudad de M\u00e9xico, CDMX", "lalitud": 19.321741, "longitud": -99.1318675, "uuid": "a194c81a-6265-4716-9c1b-5e4cb2ec6af8", "rating": 2.3}, {"sucursal": "Camino a Nativitas 35, Xaltocan, Xochimilco, 16090 Ciudad de M\u00e9xico, CDMX", "lalitud": 19.3382657, "longitud": -99.1842497, "uuid": "fe89e323-5a5f-430c-b641-657ebb9d739a", "rating": 2.7}, {"sucursal": "Camino a Nativitas 35, Xaltocan, Xochimilco, 16090 Ciudad de M\u00e9xico, CDMX", "lalitud": 19.3127008, "longitud": -99.1354113, "uuid": "93bba11a-ea0a-4ca3-84aa-e256b0f49827", "rating": 4.0}, {"sucursal": "Camino a Nativitas 35, Xaltocan, Xochimilco, 16090 Ciudad de M\u00e9xico, CDMX", "lalitud": 19.402233, "longitud": -99.0641194, "uuid": "57d3dc93-c1a7-4f46-8d8b-7c0ff7957ded", "rating": 2.8}, {"sucursal": "Camino a Nativitas 35, Xaltocan, Xochimilco, 16090 Ciudad de M\u00e9xico, CDMX", "lalitud": 19.3341187, "longitud": -99.21834539999999, "uuid": "b0edac3e-8a95-442e-b068-ec9c13d13e81", "rating": 3.3}, {"sucursal": "Camino a Nativitas 35, Xaltocan, Xochimilco, 16090 Ciudad de M\u00e9xico, CDMX", "lalitud": 19.4676999, "longitud": -99.1764455, "uuid": "73715c0f-2b06-4802-843d-9a3176604609", "rating": 2.7}, {"sucursal": "Camino a Nativitas 35, Xaltocan, Xochimilco, 16090 Ciudad de M\u00e9xico, CDMX", "lalitud": 19.3641316, "longitud": -99.18940769999999, "uuid": "bf8638f9-f35f-4352-b95a-080bf0b82615", "rating": 1.8}, {"sucursal": "Camino a Nativitas 35, Xaltocan, Xochimilco, 16090 Ciudad de M\u00e9xico, CDMX", "lalitud": 19.3408725, "longitud": -99.1340062, "uuid": "a71beac4-a65f-4217-874a-a68191f72756", "rating": 3.4}, {"sucursal": "Camino a Nativitas 35, Xaltocan, Xochimilco, 16090 Ciudad de M\u00e9xico, CDMX", "lalitud": 19.2669, "longitud": -99.006, "uuid": "1178782e-7447-40c3-af81-07a5b0e311b1", "rating": 3.7}, {"sucursal": "Camino a Nativitas 35, Xaltocan, Xochimilco, 16090 Ciudad de M\u00e9xico, CDMX", "lalitud": 19.5210077, "longitud": -99.0340478, "uuid": "0a8b0b64-82d4-44c3-a9fe-b8791c0601b2", "rating": 3.1}, {"sucursal": "Camino a Nativitas 35, Xaltocan, Xochimilco, 16090 Ciudad de M\u00e9xico, CDMX", "lalitud": 19.5102499, "longitud": -99.2342176, "uuid": "81d5d06b-2624-470b-a0d9-68c63aa821b4", "rating": 4.4}, {"sucursal": "Camino a Nativitas 35, Xaltocan, Xochimilco, 16090 Ciudad de M\u00e9xico, CDMX", "lalitud": 19.5287479, "longitud": -99.1692278, "uuid": "2b246757-bba2-47cf-b07d-b94ac7a1d032", "rating": 3.3}, {"sucursal": "Camino a Nativitas 35, Xaltocan, Xochimilco, 16090 Ciudad de M\u00e9xico, CDMX", "lalitud": 19.415818, "longitud": -99.2257573, "uuid": "444084c4-a902-4ade-95d2-ca1dc71abbe0", "rating": 2.5}, {"sucursal": "Camino a Nativitas 35, Xaltocan, Xochimilco, 16090 Ciudad de M\u00e9xico, CDMX", "lalitud": 19.3575893, "longitud": -99.27058939999999, "uuid": "7b5a4f0f-78b1-4ee4-b641-224c06a1eab2", "rating": 2.5}, {"sucursal": "Camino a Nativitas 35, Xaltocan, Xochimilco, 16090 Ciudad de M\u00e9xico, CDMX", "lalitud": 19.5035897, "longitud": -99.1570576, "uuid": "5e3a91ef-5e1d-4cba-8d9a-414bc4ae9d0e", "rating": 2.6}, {"sucursal": "Camino a Nativitas 35, Xaltocan, Xochimilco, 16090 Ciudad de M\u00e9xico, CDMX", "lalitud": 19.3287341, "longitud": -99.1537903, "uuid": "46a6fc4d-b786-48c0-a3a0-3a70bf8d80e9", "rating": 2.7}, {"sucursal": "Camino a Nativitas 35, Xaltocan, Xochimilco, 16090 Ciudad de M\u00e9xico, CDMX", "lalitud": 19.3111364, "longitud": -99.110396, "uuid": "cc130918-4707-46fc-8387-7485efe8e990", "rating": 3.0}, {"sucursal": "Camino a Nativitas 35, Xaltocan, Xochimilco, 16090 Ciudad de M\u00e9xico, CDMX", "lalitud": 19.3987989, "longitud": -99.02913699999999, "uuid": "b57163d6-5979-4e2f-ac22-3aa1ed1c5092", "rating": 2.2}, {"sucursal": "Camino a Nativitas 35, Xaltocan, Xochimilco, 16090 Ciudad de M\u00e9xico, CDMX", "lalitud": 19.388584, "longitud": -99.2479053, "uuid": "4969c935-9a20-47d0-bec7-5b833874d740", "rating": 4.0}, {"sucursal": "Camino a Nativitas 35, Xaltocan, Xochimilco, 16090 Ciudad de M\u00e9xico, CDMX", "lalitud": 19.2542317, "longitud": -99.10305679999999, "uuid": "a13da424-a8fa-4845-b436-fe0805f4ce88", "rating": 3.6}]}